exp,graph_family,n,p,seed,algo,layers,width,bipartite_n,m,repeats,runtime_ns_median,runtime_ns_mean,runtime_ns_std,flow_value,cut_capacity,matching_size,edge_scans,bfs_edge_scans,dfs_edge_scans,bfs_count,augment_count,phase_count,dfs_calls,runtime_sec_median,runtime_sec_mean,runtime_sec_std
standard,bipartite,302,0.05,0,dinic,,,150.0,1496,15,2593500.0,2640258.3333333335,162127.97371594486,150.0,150.0,150.0,24702,15110,9592,6,0,6,2144,0.0025935,0.0026402583333333335,0.00016212797371594484
standard,bipartite,302,0.05,0,edmonds_karp,,,150.0,1496,15,11666167.0,11717777.733333332,331347.4988041725,150.0,150.0,150.0,161490,161490,0,151,150,0,0,0.011666167,0.011717777733333332,0.0003313474988041725
standard,bipartite,302,0.05,1,dinic,,,150.0,1453,15,2093250.0,2143050.066666667,162458.51653332775,150.0,150.0,150.0,19876,11774,8102,5,0,5,1916,0.00209325,0.002143050066666667,0.00016245851653332776
standard,bipartite,302,0.05,1,edmonds_karp,,,150.0,1453,15,10753208.0,10704955.666666666,330375.4785376065,150.0,150.0,150.0,145130,145130,0,151,150,0,0,0.010753208,0.010704955666666667,0.0003303754785376065
standard,bipartite,302,0.05,2,dinic,,,150.0,1452,15,1873416.0,1950927.6666666667,192454.55144663065,150.0,150.0,150.0,18510,11766,6744,5,0,5,1703,0.001873416,0.0019509276666666668,0.00019245455144663065
standard,bipartite,302,0.05,2,edmonds_karp,,,150.0,1452,15,11577500.0,11550833.4,355117.62231503776,150.0,150.0,150.0,159515,159515,0,151,150,0,0,0.0115775,0.0115508334,0.0003551176223150378
standard,bipartite,302,0.05,3,dinic,,,150.0,1433,15,1497792.0,1566250.0,172578.97894131998,150.0,150.0,150.0,14146,8748,5398,4,0,4,1539,0.001497792,0.00156625,0.00017257897894132
standard,bipartite,302,0.05,3,edmonds_karp,,,150.0,1433,15,11010167.0,10937358.2,265357.71111576917,150.0,150.0,150.0,148319,148319,0,151,150,0,0,0.011010167,0.010937358199999999,0.00026535771111576916
standard,bipartite,302,0.05,4,dinic,,,150.0,1417,15,1820916.0,1866469.5333333334,114554.302922779,150.0,150.0,150.0,17696,11486,6210,5,0,5,1651,0.001820916,0.0018664695333333334,0.000114554302922779
standard,bipartite,302,0.05,4,edmonds_karp,,,150.0,1417,15,10782708.0,10745244.333333334,210466.44666097054,150.0,150.0,150.0,146331,146331,0,151,150,0,0,0.010782708,0.010745244333333334,0.00021046644666097055
standard,bipartite,302,0.05,5,dinic,,,150.0,1452,15,1945750.0,2009372.2,160268.12443848143,150.0,150.0,150.0,18817,11766,7051,5,0,5,1764,0.00194575,0.0020093722,0.00016026812443848144
standard,bipartite,302,0.05,5,edmonds_karp,,,150.0,1452,15,10822833.0,10801247.133333333,251590.98116156316,150.0,150.0,150.0,145165,145165,0,151,150,0,0,0.010822833,0.010801247133333332,0.0002515909811615632
standard,bipartite,302,0.05,6,dinic,,,150.0,1445,15,1738458.0,1838061.2666666666,212363.61048866386,150.0,150.0,150.0,17497,11710,5787,5,0,5,1490,0.001738458,0.0018380612666666666,0.00021236361048866385
standard,bipartite,302,0.05,6,edmonds_karp,,,150.0,1445,15,10555625.0,10459894.333333334,281618.73423418886,150.0,150.0,150.0,141140,141140,0,151,150,0,0,0.010555625,0.010459894333333334,0.0002816187342341889
standard,bipartite,302,0.05,7,dinic,,,150.0,1420,15,1951958.0,2162333.4,462375.2518613303,150.0,150.0,150.0,18557,11510,7047,5,0,5,1753,0.001951958,0.0021623334,0.0004623752518613303
standard,bipartite,302,0.05,7,edmonds_karp,,,150.0,1420,15,11496917.0,16260986.0,11115359.260496454,150.0,150.0,150.0,146195,146195,0,151,150,0,0,0.011496917,0.016260986,0.011115359260496454
standard,bipartite,302,0.05,8,dinic,,,150.0,1447,15,2015709.0,2087175.0,191354.46245048553,150.0,150.0,150.0,18957,11726,7231,5,0,5,1797,0.002015709,0.002087175,0.00019135446245048554
standard,bipartite,302,0.05,8,edmonds_karp,,,150.0,1447,15,11439833.0,11528574.866666667,562592.5507016433,150.0,150.0,150.0,151969,151969,0,151,150,0,0,0.011439833,0.011528574866666667,0.0005625925507016434
standard,bipartite,302,0.05,9,dinic,,,150.0,1451,15,1489208.0,1490174.9333333333,30529.266425763304,150.0,150.0,150.0,14098,8856,5242,4,0,4,1508,0.001489208,0.0014901749333333333,3.0529266425763306e-05
standard,bipartite,302,0.05,9,edmonds_karp,,,150.0,1451,15,11372916.0,11224836.2,315566.4391630209,150.0,150.0,150.0,151012,151012,0,151,150,0,0,0.011372916,0.0112248362,0.0003155664391630209
standard,bipartite,302,0.08,0,dinic,,,150.0,2122,15,1576125.0,1612111.1333333333,109305.7473249539,150.0,150.0,150.0,14447,8638,5809,3,0,3,1707,0.001576125,0.0016121111333333334,0.0001093057473249539
standard,bipartite,302,0.08,0,edmonds_karp,,,150.0,2122,15,13746667.0,13760216.733333332,476124.30757200724,150.0,150.0,150.0,200234,200234,0,151,150,0,0,0.013746667,0.013760216733333332,0.0004761243075720072
standard,bipartite,302,0.08,1,dinic,,,150.0,2148,15,2106458.0,2183508.4,169538.8360919114,150.0,150.0,150.0,21027,13038,7989,4,0,4,1866,0.002106458,0.0021835084,0.0001695388360919114
standard,bipartite,302,0.08,1,edmonds_karp,,,150.0,2148,15,14501958.0,14630069.466666667,513460.57147539395,150.0,150.0,150.0,215056,215056,0,151,150,0,0,0.014501958,0.014630069466666666,0.000513460571475394
standard,bipartite,302,0.08,2,dinic,,,150.0,2115,15,1948375.0,2043213.8666666667,240205.8141052814,150.0,150.0,150.0,19558,12840,6718,4,0,4,1783,0.001948375,0.0020432138666666667,0.0002402058141052814
standard,bipartite,302,0.08,2,edmonds_karp,,,150.0,2115,15,14035958.0,14037130.466666667,298349.13089649734,150.0,150.0,150.0,203279,203279,0,151,150,0,0,0.014035958,0.014037130466666667,0.00029834913089649736
standard,bipartite,302,0.08,3,dinic,,,150.0,2091,15,2186167.0,2252511.0,209576.6179355075,150.0,150.0,150.0,20873,12696,8177,4,0,4,1874,0.002186167,0.002252511,0.0002095766179355075
standard,bipartite,302,0.08,3,edmonds_karp,,,150.0,2091,15,13429500.0,13411433.266666668,189247.08881152727,150.0,150.0,150.0,193520,193520,0,151,150,0,0,0.0134295,0.013411433266666668,0.00018924708881152728
standard,bipartite,302,0.08,4,dinic,,,150.0,2063,15,1807250.0,1852594.4,149888.2459290444,150.0,150.0,150.0,18591,12528,6063,4,0,4,1685,0.00180725,0.0018525943999999999,0.00014988824592904442
standard,bipartite,302,0.08,4,edmonds_karp,,,150.0,2063,15,13809708.0,13841572.266666668,388384.325154399,150.0,150.0,150.0,202420,202420,0,151,150,0,0,0.013809708,0.013841572266666668,0.000388384325154399
standard,bipartite,302,0.08,5,dinic,,,150.0,2109,15,1485000.0,1538547.2,154089.47768757143,150.0,150.0,150.0,13989,8586,5403,3,0,3,1598,0.001485,0.0015385472,0.00015408947768757143
standard,bipartite,302,0.08,5,edmonds_karp,,,150.0,2109,15,13996709.0,13997983.266666668,224529.29390440273,150.0,150.0,150.0,202174,202174,0,151,150,0,0,0.013996709,0.013997983266666668,0.00022452929390440272
standard,bipartite,302,0.08,6,dinic,,,150.0,2106,15,2597959.0,2609072.3333333335,42190.22720229121,150.0,150.0,150.0,26462,16998,9464,5,0,5,2027,0.002597959,0.0026090723333333336,4.219022720229121e-05
standard,bipartite,302,0.08,6,edmonds_karp,,,150.0,2106,15,13756500.0,13802427.8,268457.76062970184,150.0,150.0,150.0,201032,201032,0,151,150,0,0,0.0137565,0.013802427800000001,0.00026845776062970185
standard,bipartite,302,0.08,7,dinic,,,150.0,2067,15,2085125.0,2098341.8,93574.43016062512,150.0,150.0,150.0,20326,12552,7774,4,0,4,1926,0.002085125,0.0020983418,9.357443016062512e-05
standard,bipartite,302,0.08,7,edmonds_karp,,,150.0,2067,15,13921791.0,13887633.333333334,196416.99216123493,150.0,150.0,150.0,202443,202443,0,151,150,0,0,0.013921791,0.013887633333333335,0.00019641699216123494
standard,bipartite,302,0.08,8,dinic,,,150.0,2120,15,2217583.0,2266191.8,116477.72696908929,150.0,150.0,150.0,21420,12870,8550,4,0,4,1989,0.002217583,0.0022661917999999997,0.00011647772696908929
standard,bipartite,302,0.08,8,edmonds_karp,,,150.0,2120,15,13964459.0,13902466.666666666,228547.16828500683,150.0,150.0,150.0,204701,204701,0,151,150,0,0,0.013964459,0.013902466666666667,0.00022854716828500684
standard,bipartite,302,0.08,9,dinic,,,150.0,2139,15,1867709.0,1918177.7333333334,141597.29013421258,150.0,150.0,150.0,19514,12984,6530,4,0,4,1699,0.001867709,0.0019181777333333334,0.0001415972901342126
standard,bipartite,302,0.08,9,edmonds_karp,,,150.0,2139,15,14138375.0,14146127.666666666,299991.9461244313,150.0,150.0,150.0,206955,206955,0,151,150,0,0,0.014138375,0.014146127666666666,0.00029999194612443134
standard,bipartite,402,0.05,0,dinic,,,200.0,2466,15,3476416.0,3621152.7333333334,337378.7966985788,200.0,200.0,200.0,33338,19928,13410,5,0,5,2812,0.003476416,0.0036211527333333336,0.0003373787966985788
standard,bipartite,402,0.05,0,edmonds_karp,,,200.0,2466,15,21782834.0,21755050.066666666,331185.35620953736,200.0,200.0,200.0,306288,306288,0,201,200,0,0,0.021782834,0.021755050066666667,0.00033118535620953735
standard,bipartite,402,0.05,1,dinic,,,200.0,2511,15,2762334.0,2866202.8,344431.23502920417,200.0,200.0,200.0,25586,15266,10320,4,0,4,2504,0.002762334,0.0028662028,0.0003444312350292042
standard,bipartite,402,0.05,1,edmonds_karp,,,200.0,2511,15,22205334.0,22428977.733333334,573452.0824530845,200.0,200.0,200.0,318667,318667,0,201,200,0,0,0.022205334,0.022428977733333334,0.0005734520824530845
standard,bipartite,402,0.05,2,dinic,,,200.0,2409,15,2675625.0,2762852.8,216793.29780731568,200.0,200.0,200.0,25046,14654,10392,4,0,4,2483,0.002675625,0.0027628528,0.00021679329780731568
standard,bipartite,402,0.05,2,edmonds_karp,,,200.0,2409,15,22704708.0,23455008.2,2367190.0377125028,200.0,200.0,200.0,322582,322582,0,201,200,0,0,0.022704708,0.0234550082,0.0023671900377125027
standard,bipartite,402,0.05,3,dinic,,,200.0,2389,15,2277125.0,2381636.1333333333,225204.06047718035,200.0,200.0,200.0,22286,14534,7752,4,0,4,2079,0.002277125,0.0023816361333333334,0.00022520406047718035
standard,bipartite,402,0.05,3,edmonds_karp,,,200.0,2389,15,21839708.0,21886588.933333334,202115.15888913663,200.0,200.0,200.0,310743,310743,0,201,200,0,0,0.021839708,0.021886588933333333,0.00020211515888913663
standard,bipartite,402,0.05,4,dinic,,,200.0,2402,15,2758833.0,2854525.0,205001.80361227487,200.0,200.0,200.0,25522,14612,10910,4,0,4,2602,0.002758833,0.002854525,0.00020500180361227488
standard,bipartite,402,0.05,4,edmonds_karp,,,200.0,2402,15,21443792.0,21586872.266666666,360297.89144053496,200.0,200.0,200.0,306942,306942,0,201,200,0,0,0.021443792,0.021586872266666664,0.000360297891440535
standard,bipartite,402,0.05,5,dinic,,,200.0,2388,15,3910708.0,4021258.3333333335,277377.5992749303,199.0,199.0,199.0,38307,23675,14632,5,0,5,3122,0.003910708,0.004021258333333334,0.00027737759927493034
standard,bipartite,402,0.05,5,edmonds_karp,,,200.0,2388,15,22396250.0,22458766.866666667,380254.66450785496,199.0,199.0,199.0,316595,316595,0,200,199,0,0,0.02239625,0.022458766866666667,0.00038025466450785495
standard,bipartite,402,0.05,6,dinic,,,200.0,2454,15,2363333.0,2409216.6,176675.7898176366,200.0,200.0,200.0,22788,14924,7864,4,0,4,2216,0.002363333,0.0024092166000000003,0.0001766757898176366
standard,bipartite,402,0.05,6,edmonds_karp,,,200.0,2454,15,22633958.0,22713494.4,333665.20180431515,200.0,200.0,200.0,320942,320942,0,201,200,0,0,0.022633958,0.0227134944,0.00033366520180431515
standard,bipartite,402,0.05,7,dinic,,,200.0,2409,15,2632250.0,2703530.533333333,188728.91187848803,200.0,200.0,200.0,24797,14654,10143,4,0,4,2503,0.00263225,0.0027035305333333332,0.00018872891187848802
standard,bipartite,402,0.05,7,edmonds_karp,,,200.0,2409,15,22198584.0,22249589.0,256878.52798244669,200.0,200.0,200.0,316275,316275,0,201,200,0,0,0.022198584,0.022249589,0.0002568785279824467
standard,bipartite,402,0.05,8,dinic,,,200.0,2398,15,2325125.0,2416988.933333333,230908.59011289247,200.0,200.0,200.0,22726,14588,8138,4,0,4,2127,0.002325125,0.002416988933333333,0.00023090859011289246
standard,bipartite,402,0.05,8,edmonds_karp,,,200.0,2398,15,21645708.0,21729061.133333333,257362.48559178316,200.0,200.0,200.0,307330,307330,0,201,200,0,0,0.021645708,0.02172906113333333,0.00025736248559178317
standard,bipartite,402,0.05,9,dinic,,,200.0,2418,15,2620000.0,2746633.4,229068.50721775665,200.0,200.0,200.0,24555,14708,9847,4,0,4,2434,0.00262,0.0027466333999999998,0.00022906850721775664
standard,bipartite,402,0.05,9,edmonds_karp,,,200.0,2418,15,21810875.0,21882327.733333334,311367.72535872593,200.0,200.0,200.0,306636,306636,0,201,200,0,0,0.021810875,0.021882327733333335,0.00031136772535872594
standard,bipartite,402,0.08,0,dinic,,,200.0,3650,15,2598625.0,2632555.6,178520.31575257765,200.0,200.0,200.0,24866,14800,10066,3,0,3,2550,0.002598625,0.0026325556,0.00017852031575257764
standard,bipartite,402,0.08,0,edmonds_karp,,,200.0,3650,15,28739458.0,28663094.466666665,343027.6672547954,200.0,200.0,200.0,434333,434333,0,201,200,0,0,0.028739458,0.028663094466666664,0.0003430276672547954
standard,bipartite,402,0.08,1,dinic,,,200.0,3697,15,3452584.0,3616086.2,386807.3546577343,200.0,200.0,200.0,35316,22382,12934,4,0,4,2871,0.003452584,0.0036160862,0.0003868073546577343
standard,bipartite,402,0.08,1,edmonds_karp,,,200.0,3697,15,29882458.0,29888769.533333335,233872.69809415145,200.0,200.0,200.0,455059,455059,0,201,200,0,0,0.029882458,0.029888769533333335,0.00023387269809415146
standard,bipartite,402,0.08,2,dinic,,,200.0,3592,15,2453625.0,2518447.3333333335,191758.5884996574,200.0,200.0,200.0,23550,14568,8982,3,0,3,2493,0.002453625,0.0025184473333333336,0.00019175858849965742
standard,bipartite,402,0.08,2,edmonds_karp,,,200.0,3592,15,29784917.0,29834547.2,410584.82795349386,200.0,200.0,200.0,451108,451108,0,201,200,0,0,0.029784917,0.0298345472,0.0004105848279534939
standard,bipartite,402,0.08,3,dinic,,,200.0,3619,15,2421541.0,2496880.6,213249.7727588138,200.0,200.0,200.0,23355,14676,8679,3,0,3,2483,0.002421541,0.0024968806,0.0002132497727588138
standard,bipartite,402,0.08,3,edmonds_karp,,,200.0,3619,15,29071959.0,29035189.0,380777.5058688656,200.0,200.0,200.0,441195,441195,0,201,200,0,0,0.029071959,0.029035189,0.00038077750586886557
standard,bipartite,402,0.08,4,dinic,,,200.0,3558,15,2449167.0,2524702.8666666667,183256.09787549337,200.0,200.0,200.0,23521,14432,9089,3,0,3,2501,0.002449167,0.0025247028666666666,0.00018325609787549338
standard,bipartite,402,0.08,4,edmonds_karp,,,200.0,3558,15,28282625.0,28831502.933333334,2106878.4519896274,200.0,200.0,200.0,421435,421435,0,201,200,0,0,0.028282625,0.028831502933333333,0.0021068784519896275
standard,bipartite,402,0.08,5,dinic,,,200.0,3578,15,2572875.0,2628919.4,187674.7476508989,200.0,200.0,200.0,24262,14512,9750,3,0,3,2597,0.002572875,0.0026289194,0.0001876747476508989
standard,bipartite,402,0.08,5,edmonds_karp,,,200.0,3578,15,29275208.0,29236975.0,504173.3746721322,200.0,200.0,200.0,440906,440906,0,201,200,0,0,0.029275208,0.029236975,0.0005041733746721322
standard,bipartite,402,0.08,6,dinic,,,200.0,3614,15,3347500.0,3472625.0,249598.67864061875,200.0,200.0,200.0,34057,21884,12173,4,0,4,2764,0.0033475,0.003472625,0.00024959867864061876
standard,bipartite,402,0.08,6,edmonds_karp,,,200.0,3614,15,28739375.0,28684000.066666666,356525.8776701848,200.0,200.0,200.0,431757,431757,0,201,200,0,0,0.028739375,0.028684000066666666,0.0003565258776701848
standard,bipartite,402,0.08,7,dinic,,,200.0,3593,15,3209000.0,3297780.533333333,222764.34895867194,200.0,200.0,200.0,33047,21758,11289,4,0,4,2839,0.003209,0.0032977805333333334,0.00022276434895867193
standard,bipartite,402,0.08,7,edmonds_karp,,,200.0,3593,15,29397042.0,29381088.933333334,374994.0551066798,200.0,200.0,200.0,443660,443660,0,201,200,0,0,0.029397042,0.029381088933333334,0.00037499405510667977
standard,bipartite,402,0.08,8,dinic,,,200.0,3579,15,3869041.0,3971183.2666666666,275630.840262444,200.0,200.0,200.0,36726,21674,15052,4,0,4,3132,0.003869041,0.003971183266666667,0.000275630840262444
standard,bipartite,402,0.08,8,edmonds_karp,,,200.0,3579,15,28402750.0,28349041.533333335,306170.29387787887,200.0,200.0,200.0,426230,426230,0,201,200,0,0,0.02840275,0.028349041533333334,0.0003061702938778789
standard,bipartite,402,0.08,9,dinic,,,200.0,3623,15,2637208.0,2813699.6666666665,466390.29875840293,200.0,200.0,200.0,24858,14692,10166,3,0,3,2620,0.002637208,0.0028136996666666666,0.00046639029875840296
standard,bipartite,402,0.08,9,edmonds_karp,,,200.0,3623,15,28578500.0,29166316.6,1505143.8877519704,200.0,200.0,200.0,430257,430257,0,201,200,0,0,0.0285785,0.029166316600000002,0.0015051438877519705
standard,bipartite,502,0.05,0,dinic,,,250.0,3656,15,3460209.0,3635375.1333333333,366288.11347565235,250.0,250.0,250.0,34576,22186,12390,4,0,4,3064,0.003460209,0.0036353751333333332,0.00036628811347565236
standard,bipartite,502,0.05,0,edmonds_karp,,,250.0,3656,15,39583625.0,39665686.13333333,488502.6489037507,250.0,250.0,250.0,599663,599663,0,251,250,0,0,0.039583625,0.039665686133333336,0.0004885026489037506
standard,bipartite,502,0.05,1,dinic,,,250.0,3670,15,3882208.0,4353872.066666666,881037.6683037264,250.0,250.0,250.0,36302,22270,14032,4,0,4,3295,0.003882208,0.004353872066666666,0.0008810376683037264
standard,bipartite,502,0.05,1,edmonds_karp,,,250.0,3670,15,38905667.0,39381830.6,1225681.5268498452,250.0,250.0,250.0,588645,588645,0,251,250,0,0,0.038905667,0.0393818306,0.0012256815268498452
standard,bipartite,502,0.05,2,dinic,,,250.0,3632,15,3456834.0,3617178.0,314599.8510634467,250.0,250.0,250.0,34457,22042,12415,4,0,4,3091,0.003456834,0.003617178,0.0003145998510634467
standard,bipartite,502,0.05,2,edmonds_karp,,,250.0,3632,15,37548750.0,38341858.333333336,1490176.908854336,250.0,250.0,250.0,560723,560723,0,251,250,0,0,0.03754875,0.03834185833333333,0.001490176908854336
standard,bipartite,502,0.05,3,dinic,,,250.0,3575,15,3994208.0,4064608.2666666666,218028.15791231667,250.0,250.0,250.0,37683,21700,15983,4,0,4,3588,0.003994208,0.004064608266666667,0.00021802815791231668
standard,bipartite,502,0.05,3,edmonds_karp,,,250.0,3575,15,36721916.0,36609074.86666667,448921.96452165354,250.0,250.0,250.0,551582,551582,0,251,250,0,0,0.036721916,0.03660907486666667,0.00044892196452165354
standard,bipartite,502,0.05,4,dinic,,,250.0,3621,15,3733333.0,3886716.6666666665,414943.307575981,250.0,250.0,250.0,36697,21976,14721,4,0,4,3333,0.003733333,0.0038867166666666664,0.00041494330757598104
standard,bipartite,502,0.05,4,edmonds_karp,,,250.0,3621,15,37279750.0,37717266.46666667,2134530.77408669,250.0,250.0,250.0,559650,559650,0,251,250,0,0,0.03727975,0.03771726646666667,0.00213453077408669
standard,bipartite,502,0.05,5,dinic,,,250.0,3593,15,3807333.0,3884078.0,210325.09822653118,250.0,250.0,250.0,36534,21808,14726,4,0,4,3303,0.003807333,0.003884078,0.0002103250982265312
standard,bipartite,502,0.05,5,edmonds_karp,,,250.0,3593,15,35610833.0,35625600.06666667,361022.960716483,250.0,250.0,250.0,532294,532294,0,251,250,0,0,0.035610833,0.03562560006666667,0.000361022960716483
standard,bipartite,502,0.05,6,dinic,,,250.0,3689,15,3220541.0,3323505.6,247820.96696399892,250.0,250.0,250.0,33374,22384,10990,4,0,4,2969,0.003220541,0.0033235056000000002,0.00024782096696399894
standard,bipartite,502,0.05,6,edmonds_karp,,,250.0,3689,15,37440083.0,37472077.666666664,431141.06409879244,250.0,250.0,250.0,567031,567031,0,251,250,0,0,0.037440083,0.037472077666666666,0.0004311410640987924
standard,bipartite,502,0.05,7,dinic,,,250.0,3581,15,3173000.0,3246252.8666666667,193288.06026345634,250.0,250.0,250.0,32787,21736,11051,4,0,4,2886,0.003173,0.0032462528666666666,0.00019328806026345634
standard,bipartite,502,0.05,7,edmonds_karp,,,250.0,3581,15,36577333.0,36628849.86666667,422891.5596757413,250.0,250.0,250.0,550320,550320,0,251,250,0,0,0.036577333,0.03662884986666667,0.0004228915596757413
standard,bipartite,502,0.05,8,dinic,,,250.0,3674,15,3778542.0,3904436.066666667,227847.54427732923,250.0,250.0,250.0,36958,22294,14664,4,0,4,3338,0.003778542,0.003904436066666667,0.00022784754427732922
standard,bipartite,502,0.05,8,edmonds_karp,,,250.0,3674,15,36969500.0,36996728.06666667,274433.8133275412,250.0,250.0,250.0,560037,560037,0,251,250,0,0,0.0369695,0.03699672806666667,0.0002744338133275412
standard,bipartite,502,0.05,9,dinic,,,250.0,3668,15,3743666.0,3826508.3333333335,223959.14200128644,250.0,250.0,250.0,36313,22258,14055,4,0,4,3256,0.003743666,0.0038265083333333333,0.00022395914200128644
standard,bipartite,502,0.05,9,edmonds_karp,,,250.0,3668,15,37297250.0,37252014.0,436214.22636737314,250.0,250.0,250.0,562092,562092,0,251,250,0,0,0.03729725,0.037252014,0.0004362142263673731
standard,bipartite,502,0.08,0,dinic,,,250.0,5553,15,4806167.0,4888044.466666667,248813.56379106335,250.0,250.0,250.0,50435,33568,16867,4,0,4,4006,0.004806167,0.0048880444666666665,0.00024881356379106333
standard,bipartite,502,0.08,0,edmonds_karp,,,250.0,5553,15,51865458.0,52053375.0,827002.1889127198,250.0,250.0,250.0,842980,842980,0,251,250,0,0,0.051865458,0.052053375,0.0008270021889127199
standard,bipartite,502,0.08,1,dinic,,,250.0,5523,15,3936084.0,3993511.066666667,164176.86251829876,250.0,250.0,250.0,37607,22342,15265,3,0,3,3870,0.003936084,0.003993511066666667,0.00016417686251829876
standard,bipartite,502,0.08,1,edmonds_karp,,,250.0,5523,15,51179541.0,51153341.733333334,451291.4150266775,250.0,250.0,250.0,825866,825866,0,251,250,0,0,0.051179541,0.051153341733333337,0.0004512914150266775
standard,bipartite,502,0.08,2,dinic,,,250.0,5462,15,3827417.0,3873922.2666666666,180301.76979381245,250.0,250.0,250.0,37110,22098,15012,3,0,3,3794,0.003827417,0.0038739222666666667,0.00018030176979381244
standard,bipartite,502,0.08,2,edmonds_karp,,,250.0,5462,15,51154833.0,51972369.13333333,2835923.475135465,250.0,250.0,250.0,817931,817931,0,251,250,0,0,0.051154833,0.051972369133333335,0.002835923475135465
standard,bipartite,502,0.08,3,dinic,,,250.0,5459,15,5145959.0,5366991.733333333,419943.990548479,250.0,250.0,250.0,52827,33004,19823,4,0,4,4032,0.005145959,0.005366991733333333,0.000419943990548479
standard,bipartite,502,0.08,3,edmonds_karp,,,250.0,5459,15,50786875.0,50813722.13333333,466514.9845023917,250.0,250.0,250.0,819935,819935,0,251,250,0,0,0.050786875,0.050813722133333336,0.00046651498450239173
standard,bipartite,502,0.08,4,dinic,,,250.0,5462,15,4161084.0,4638102.8,982175.100249238,250.0,250.0,250.0,37541,22098,15443,3,0,3,3926,0.004161084,0.0046381028,0.000982175100249238
standard,bipartite,502,0.08,4,edmonds_karp,,,250.0,5462,15,51803333.0,55280163.93333333,9540480.87216145,250.0,250.0,250.0,839061,839061,0,251,250,0,0,0.051803333,0.05528016393333333,0.00954048087216145
standard,bipartite,502,0.08,5,dinic,,,250.0,5471,15,3696084.0,3721091.6,92625.50469714051,250.0,250.0,250.0,37354,22134,15220,3,0,3,3871,0.003696084,0.0037210916,9.262550469714051e-05
standard,bipartite,502,0.08,5,edmonds_karp,,,250.0,5471,15,50902042.0,61480413.8,39343097.96685111,250.0,250.0,250.0,825791,825791,0,251,250,0,0,0.050902042,0.061480413799999994,0.03934309796685111
standard,bipartite,502,0.08,6,dinic,,,250.0,5503,15,4356500.0,4356405.6,24107.057845606778,250.0,250.0,250.0,49041,33268,15773,4,0,4,3843,0.0043565,0.0043564056,2.4107057845606778e-05
standard,bipartite,502,0.08,6,edmonds_karp,,,250.0,5503,15,49054333.0,48761269.333333336,896321.686807547,250.0,250.0,250.0,832112,832112,0,251,250,0,0,0.049054333,0.048761269333333336,0.000896321686807547
standard,bipartite,502,0.08,7,dinic,,,250.0,5448,15,4542833.0,4713136.066666666,321648.21980464197,250.0,250.0,250.0,49176,32938,16238,4,0,4,3796,0.004542833,0.004713136066666667,0.00032164821980464194
standard,bipartite,502,0.08,7,edmonds_karp,,,250.0,5448,15,50715125.0,60473091.53333333,31163764.4695913,250.0,250.0,250.0,832678,832678,0,251,250,0,0,0.050715125,0.06047309153333333,0.0311637644695913
standard,bipartite,502,0.08,8,dinic,,,250.0,5492,15,3508375.0,3521255.4,42311.22264972125,250.0,250.0,250.0,35546,22218,13328,3,0,3,3602,0.003508375,0.0035212553999999997,4.2311222649721246e-05
standard,bipartite,502,0.08,8,edmonds_karp,,,250.0,5492,15,50264250.0,58859858.333333336,33385675.614028346,250.0,250.0,250.0,826335,826335,0,251,250,0,0,0.05026425,0.058859858333333334,0.033385675614028346
standard,bipartite,502,0.08,9,dinic,,,250.0,5519,15,3527625.0,3555816.6666666665,114226.28031778902,250.0,250.0,250.0,36005,22326,13679,3,0,3,3606,0.003527625,0.0035558166666666666,0.00011422628031778901
standard,bipartite,502,0.08,9,edmonds_karp,,,250.0,5519,15,47519791.0,47586294.333333336,806149.2946897666,250.0,250.0,250.0,807213,807213,0,251,250,0,0,0.047519791,0.047586294333333334,0.0008061492946897665
standard,erdos_renyi,200,0.05,0,dinic,,,,2034,15,1867667.0,1936466.6,197486.75665211433,70.0,70.0,,19634,12189,7445,3,0,3,984,0.001867667,0.0019364666000000002,0.00019748675665211434
standard,erdos_renyi,200,0.05,0,edmonds_karp,,,,2034,15,3226709.0,3362050.0,297989.39267866564,70.0,70.0,,55258,55258,0,19,18,0,0,0.003226709,0.00336205,0.00029798939267866565
standard,erdos_renyi,200,0.05,1,dinic,,,,2044,15,2990625.0,3073169.3333333335,177737.34965901097,139.0,139.0,,29692,16375,13317,5,0,5,1692,0.002990625,0.0030731693333333333,0.00017773734965901097
standard,erdos_renyi,200,0.05,1,edmonds_karp,,,,2044,15,2684583.0,2734544.466666667,180855.28788346093,139.0,139.0,,43748,43748,0,29,28,0,0,0.002684583,0.002734544466666667,0.00018085528788346094
standard,erdos_renyi,200,0.05,2,dinic,,,,2068,15,3729875.0,3807000.0,192154.7062477077,46.0,46.0,,36953,20667,16286,5,0,5,2229,0.003729875,0.003807,0.0001921547062477077
standard,erdos_renyi,200,0.05,2,edmonds_karp,,,,2068,15,1263208.0,1313027.8,168765.1602757089,46.0,46.0,,21266,21266,0,9,8,0,0,0.001263208,0.0013130278,0.0001687651602757089
standard,erdos_renyi,200,0.05,3,dinic,,,,2009,15,2778708.0,2909299.8666666667,392038.8104553765,102.0,102.0,,27835,16054,11781,4,0,4,1694,0.002778708,0.0029092998666666666,0.0003920388104553765
standard,erdos_renyi,200,0.05,3,edmonds_karp,,,,2009,15,3939583.0,4168555.7333333334,446137.3781560157,102.0,102.0,,64806,64806,0,23,22,0,0,0.003939583,0.004168555733333333,0.0004461373781560157
standard,erdos_renyi,200,0.05,4,dinic,,,,2031,15,2602416.0,2683286.2,177326.46185303052,102.0,102.0,,27015,16270,10745,5,0,5,1529,0.002602416,0.0026832862,0.0001773264618530305
standard,erdos_renyi,200,0.05,4,edmonds_karp,,,,2031,15,2312250.0,2363735.933333333,147024.16480024473,102.0,102.0,,38033,38033,0,24,23,0,0,0.00231225,0.002363735933333333,0.00014702416480024473
standard,erdos_renyi,200,0.05,5,dinic,,,,2039,15,2939375.0,3016547.2,201212.70321627305,95.0,95.0,,29285,16330,12955,5,0,5,1590,0.002939375,0.0030165472,0.00020121270321627304
standard,erdos_renyi,200,0.05,5,edmonds_karp,,,,2039,15,2422750.0,2487930.466666667,185843.461509898,95.0,95.0,,40186,40186,0,24,23,0,0,0.00242275,0.002487930466666667,0.00018584346150989802
standard,erdos_renyi,200,0.05,6,dinic,,,,1964,15,2638667.0,2711963.933333333,204217.01266561187,65.0,65.0,,26874,15696,11178,4,0,4,1471,0.002638667,0.0027119639333333333,0.00020421701266561186
standard,erdos_renyi,200,0.05,6,edmonds_karp,,,,1964,15,4657542.0,4731508.4,216579.8590684607,65.0,65.0,,78775,78775,0,25,24,0,0,0.004657542,0.004731508400000001,0.0002165798590684607
standard,erdos_renyi,200,0.05,7,dinic,,,,2022,15,1908250.0,2002180.6,190070.3734480619,76.0,76.0,,20230,12149,8081,4,0,4,875,0.00190825,0.0020021806,0.0001900703734480619
standard,erdos_renyi,200,0.05,7,edmonds_karp,,,,2022,15,2018708.0,2052205.6666666667,129188.22325288823,76.0,76.0,,32541,32541,0,22,21,0,0,0.002018708,0.002052205666666667,0.00012918822325288823
standard,erdos_renyi,200,0.05,8,dinic,,,,2026,15,2886792.0,3005144.533333333,313818.8207849206,59.0,59.0,,28695,16220,12475,5,0,5,1430,0.002886792,0.003005144533333333,0.0003138188207849206
standard,erdos_renyi,200,0.05,8,edmonds_karp,,,,2026,15,1189542.0,1279277.8666666667,194309.6542369813,59.0,59.0,,19514,19514,0,15,14,0,0,0.001189542,0.0012792778666666667,0.0001943096542369813
standard,erdos_renyi,200,0.05,9,dinic,,,,1958,15,3439333.0,3504569.466666667,197844.17371502492,115.0,115.0,,34348,19562,14786,5,0,5,1927,0.003439333,0.0035045694666666666,0.00019784417371502492
standard,erdos_renyi,200,0.05,9,edmonds_karp,,,,1958,15,3208625.0,3270914.0,199469.0493939921,115.0,115.0,,52709,52709,0,25,24,0,0,0.003208625,0.003270914,0.00019946904939399212
standard,erdos_renyi,200,0.08,0,dinic,,,,3230,15,4216750.0,4376750.066666666,381792.75968167913,131.0,131.0,,44483,25874,18609,5,0,5,2001,0.00421675,0.0043767500666666665,0.00038179275968167916
standard,erdos_renyi,200,0.08,0,edmonds_karp,,,,3230,15,8009000.0,8049722.333333333,393907.2249282396,131.0,131.0,,139596,139596,0,36,35,0,0,0.008009,0.008049722333333334,0.0003939072249282396
standard,erdos_renyi,200,0.08,1,dinic,,,,3192,15,3284042.0,3414344.3333333335,237063.25987793293,151.0,151.0,,34167,19188,14979,4,0,4,1515,0.003284042,0.0034143443333333333,0.00023706325987793292
standard,erdos_renyi,200,0.08,1,edmonds_karp,,,,3192,15,4978125.0,5096194.466666667,292236.66812677373,151.0,151.0,,86016,86016,0,38,37,0,0,0.004978125,0.005096194466666667,0.0002922366681267737
standard,erdos_renyi,200,0.08,2,dinic,,,,3309,15,4331250.0,4494230.466666667,306435.45234748785,122.0,122.0,,45238,26438,18800,4,0,4,2048,0.00433125,0.004494230466666667,0.00030643545234748784
standard,erdos_renyi,200,0.08,2,edmonds_karp,,,,3309,15,6644375.0,6700122.133333334,216131.54749294525,122.0,122.0,,118941,118941,0,29,28,0,0,0.006644375,0.006700122133333334,0.00021613154749294523
standard,erdos_renyi,200,0.08,3,dinic,,,,3188,15,3527500.0,3655813.8,313890.09834726725,176.0,176.0,,35300,19165,16135,4,0,4,1796,0.0035275,0.0036558138,0.0003138900983472673
standard,erdos_renyi,200,0.08,3,edmonds_karp,,,,3188,15,5794083.0,5974308.4,356248.3559273943,176.0,176.0,,101021,101021,0,45,44,0,0,0.005794083,0.0059743084,0.0003562483559273943
standard,erdos_renyi,200,0.08,4,dinic,,,,3159,15,3704542.0,3777914.066666667,238366.26627238613,188.0,188.0,,40555,25247,15308,4,0,4,1616,0.003704542,0.003777914066666667,0.00023836626627238614
standard,erdos_renyi,200,0.08,4,edmonds_karp,,,,3159,15,10166042.0,10069374.933333334,257185.36879609033,188.0,188.0,,175839,175839,0,48,47,0,0,0.010166042,0.010069374933333333,0.00025718536879609034
standard,erdos_renyi,200,0.08,5,dinic,,,,3255,15,4375667.0,4450977.666666667,197578.66370807023,144.0,144.0,,45428,26072,19356,5,0,5,2257,0.004375667,0.004450977666666667,0.00019757866370807023
standard,erdos_renyi,200,0.08,5,edmonds_karp,,,,3255,15,7664958.0,7601416.6,369231.05430664954,144.0,144.0,,132230,132230,0,39,38,0,0,0.007664958,0.0076014166,0.00036923105430664954
standard,erdos_renyi,200,0.08,6,dinic,,,,3205,15,3516541.0,3659594.4,362724.2980074142,90.0,90.0,,35117,19252,15865,4,0,4,1826,0.003516541,0.0036595944,0.0003627242980074142
standard,erdos_renyi,200,0.08,6,edmonds_karp,,,,3205,15,2154583.0,2247899.933333333,261507.33565795794,90.0,90.0,,37421,37421,0,19,18,0,0,0.002154583,0.002247899933333333,0.00026150733565795793
standard,erdos_renyi,200,0.08,7,dinic,,,,3157,15,5707125.0,6102788.733333333,1663742.9512592757,120.0,120.0,,55500,31539,23961,5,0,5,2890,0.005707125,0.006102788733333334,0.0016637429512592757
standard,erdos_renyi,200,0.08,7,edmonds_karp,,,,3157,15,7110917.0,7196297.333333333,280209.35921115096,120.0,120.0,,124209,124209,0,34,33,0,0,0.007110917,0.007196297333333333,0.00028020935921115096
standard,erdos_renyi,200,0.08,8,dinic,,,,3165,15,4030250.0,4074463.8666666667,140374.35332906232,132.0,132.0,,42655,25354,17301,5,0,5,2098,0.00403025,0.004074463866666667,0.00014037435332906232
standard,erdos_renyi,200,0.08,8,edmonds_karp,,,,3165,15,5121000.0,5250333.4,267465.1892425308,132.0,132.0,,89574,89574,0,34,33,0,0,0.005121,0.0052503334,0.0002674651892425308
standard,erdos_renyi,200,0.08,9,dinic,,,,3154,15,4161333.0,4222724.866666666,191075.36745104633,187.0,187.0,,43254,25207,18047,4,0,4,2115,0.004161333,0.004222724866666666,0.00019107536745104634
standard,erdos_renyi,200,0.08,9,edmonds_karp,,,,3154,15,12560333.0,12604650.0,377796.2065172933,187.0,187.0,,220360,220360,0,52,51,0,0,0.012560333,0.01260465,0.0003777962065172933
standard,erdos_renyi,300,0.05,0,dinic,,,,4490,15,6213917.0,6399369.533333333,372030.1541263378,94.0,94.0,,62212,35892,26320,4,0,4,3717,0.006213917,0.0063993695333333335,0.0003720301541263378
standard,erdos_renyi,300,0.05,0,edmonds_karp,,,,4490,15,7353750.0,7401463.866666666,238849.37542304987,94.0,94.0,,127219,127219,0,24,23,0,0,0.00735375,0.007401463866666666,0.00023884937542304987
standard,erdos_renyi,300,0.05,1,dinic,,,,4495,15,3786625.0,3921600.066666667,249080.21111523398,182.0,182.0,,41702,27005,14697,4,0,4,1667,0.003786625,0.003921600066666667,0.00024908021111523396
standard,erdos_renyi,300,0.05,1,edmonds_karp,,,,4495,15,13861209.0,13821955.733333332,182636.1466724272,182.0,182.0,,233790,233790,0,48,47,0,0,0.013861209,0.013821955733333332,0.00018263614667242718
standard,erdos_renyi,300,0.05,2,dinic,,,,4583,15,6392833.0,6686874.933333334,548083.2976535418,92.0,92.0,,63584,36636,26948,4,0,4,3666,0.006392833,0.006686874933333334,0.0005480832976535418
standard,erdos_renyi,300,0.05,2,edmonds_karp,,,,4583,15,5282083.0,5315302.6,147090.80767131574,92.0,92.0,,92906,92906,0,22,21,0,0,0.005282083,0.005315302599999999,0.00014709080767131574
standard,erdos_renyi,300,0.05,3,dinic,,,,4549,15,7151417.0,12788016.6,12607012.057372306,101.0,101.0,,62177,36370,25807,4,0,4,3260,0.007151417,0.0127880166,0.012607012057372306
standard,erdos_renyi,300,0.05,3,edmonds_karp,,,,4549,15,8618125.0,8737727.8,1130643.53397019,101.0,101.0,,135007,135007,0,26,25,0,0,0.008618125,0.008737727800000001,0.00113064353397019
standard,erdos_renyi,300,0.05,4,dinic,,,,4528,15,5233875.0,5382372.133333334,256663.81761776208,115.0,115.0,,50765,27196,23569,4,0,4,2918,0.005233875,0.005382372133333334,0.0002566638176177621
standard,erdos_renyi,300,0.05,4,edmonds_karp,,,,4528,15,6048083.0,6193688.666666667,530746.0703874,115.0,115.0,,98979,98979,0,29,28,0,0,0.006048083,0.006193688666666667,0.0005307460703874
standard,erdos_renyi,300,0.05,5,dinic,,,,4530,15,4392084.0,4482861.2,241121.7009316485,148.0,148.0,,45801,27201,18600,4,0,4,1992,0.004392084,0.0044828612,0.00024112170093164848
standard,erdos_renyi,300,0.05,5,edmonds_karp,,,,4530,15,8960625.0,8947888.8,443105.9869199634,148.0,148.0,,148522,148522,0,34,33,0,0,0.008960625,0.008947888800000001,0.0004431059869199634
standard,erdos_renyi,300,0.05,6,dinic,,,,4469,15,4284292.0,4377694.533333333,219250.1732443906,111.0,111.0,,44075,26786,17289,3,0,3,2353,0.004284292,0.004377694533333333,0.0002192501732443906
standard,erdos_renyi,300,0.05,6,edmonds_karp,,,,4469,15,8261167.0,8192675.133333334,224215.5236405578,111.0,111.0,,139906,139906,0,23,22,0,0,0.008261167,0.008192675133333334,0.0002242155236405578
standard,erdos_renyi,300,0.05,7,dinic,,,,4598,15,3007834.0,3132719.533333333,290320.29053096,99.0,99.0,,30962,18424,12538,3,0,3,1370,0.003007834,0.003132719533333333,0.00029032029053096
standard,erdos_renyi,300,0.05,7,edmonds_karp,,,,4598,15,3543084.0,3629172.2666666666,208600.1061886686,99.0,99.0,,57659,57659,0,24,23,0,0,0.003543084,0.0036291722666666666,0.00020860010618866862
standard,erdos_renyi,300,0.05,8,dinic,,,,4597,15,2909375.0,3015511.066666667,258767.463749783,74.0,74.0,,30296,18418,11878,3,0,3,1194,0.002909375,0.0030155110666666668,0.000258767463749783
standard,erdos_renyi,300,0.05,8,edmonds_karp,,,,4597,15,2785250.0,2931694.466666667,248876.68820116707,74.0,74.0,,45537,45537,0,21,20,0,0,0.00278525,0.002931694466666667,0.00024887668820116704
standard,erdos_renyi,300,0.05,9,dinic,,,,4537,15,8069250.0,8227363.866666666,421444.52838572557,145.0,145.0,,79980,45340,34640,5,0,5,4472,0.00806925,0.008227363866666667,0.00042144452838572557
standard,erdos_renyi,300,0.05,9,edmonds_karp,,,,4537,15,10622834.0,10568988.933333334,222627.59536963646,145.0,145.0,,177631,177631,0,35,34,0,0,0.010622834,0.010568988933333334,0.00022262759536963647
standard,erdos_renyi,300,0.08,0,dinic,,,,7233,15,6362042.0,6480700.066666666,243086.4860328129,153.0,153.0,,69520,43368,26152,3,0,3,2298,0.006362042,0.006480700066666667,0.00024308648603281292
standard,erdos_renyi,300,0.08,0,edmonds_karp,,,,7233,15,20941959.0,20967016.666666668,298796.50602725445,153.0,153.0,,376435,376435,0,37,36,0,0,0.020941959,0.020967016666666668,0.00029879650602725443
standard,erdos_renyi,300,0.08,1,dinic,,,,7128,15,7255583.0,7324480.533333333,232461.66923721507,204.0,204.0,,74614,42816,31798,4,0,4,2776,0.007255583,0.007324480533333334,0.00023246166923721507
standard,erdos_renyi,300,0.08,1,edmonds_karp,,,,7128,15,13633041.0,13614533.266666668,190189.29707323082,204.0,204.0,,238158,238158,0,51,50,0,0,0.013633041,0.013614533266666668,0.00019018929707323082
standard,erdos_renyi,300,0.08,2,dinic,,,,7372,15,9281000.0,9355191.733333332,365096.7837308868,239.0,239.0,,98170,58928,39242,4,0,4,3319,0.009281,0.009355191733333332,0.0003650967837308868
standard,erdos_renyi,300,0.08,2,edmonds_karp,,,,7372,15,31994791.0,32023866.6,317509.2153377601,239.0,239.0,,574814,574814,0,60,59,0,0,0.031994791,0.0320238666,0.0003175092153377601
standard,erdos_renyi,300,0.08,3,dinic,,,,7221,15,11123708.0,11215744.466666667,265988.6905995033,289.0,289.0,,121511,72159,49352,5,0,5,3837,0.011123708,0.011215744466666667,0.0002659886905995033
standard,erdos_renyi,300,0.08,3,edmonds_karp,,,,7221,15,30244166.0,31440386.066666666,3122712.924733475,289.0,289.0,,534609,534609,0,70,69,0,0,0.030244166,0.031440386066666666,0.003122712924733475
standard,erdos_renyi,300,0.08,4,dinic,,,,7191,15,9442541.0,9399208.266666668,281330.22535205504,223.0,223.0,,96775,57484,39291,4,0,4,4031,0.009442541,0.009399208266666667,0.00028133022535205504
standard,erdos_renyi,300,0.08,4,edmonds_karp,,,,7191,15,20471583.0,20676052.666666668,378981.5919477328,223.0,223.0,,365967,365967,0,50,49,0,0,0.020471583,0.020676052666666667,0.00037898159194773277
standard,erdos_renyi,300,0.08,5,dinic,,,,7250,15,4890625.0,4990738.8,349237.4133474247,217.0,217.0,,50155,29048,21107,3,0,3,2015,0.004890625,0.0049907388,0.0003492374133474247
standard,erdos_renyi,300,0.08,5,edmonds_karp,,,,7250,15,22113334.0,24367141.866666667,7843501.9315759605,217.0,217.0,,387527,387527,0,55,54,0,0,0.022113334,0.024367141866666667,0.00784350193157596
standard,erdos_renyi,300,0.08,6,dinic,,,,7160,15,7753208.0,8386402.733333333,2884493.086043381,208.0,208.0,,75288,43003,32285,4,0,4,2900,0.007753208,0.008386402733333333,0.0028844930860433813
standard,erdos_renyi,300,0.08,6,edmonds_karp,,,,7160,15,16027000.0,16878388.8,3642537.5605894625,208.0,208.0,,254084,254084,0,47,46,0,0,0.016027,0.0168783888,0.0036425375605894624
standard,erdos_renyi,300,0.08,7,dinic,,,,7196,15,7703042.0,7609475.066666666,248304.10540230316,195.0,195.0,,76157,43215,32942,4,0,4,3049,0.007703042,0.007609475066666666,0.0002483041054023032
standard,erdos_renyi,300,0.08,7,edmonds_karp,,,,7196,15,14278375.0,14559266.666666666,1060778.4839700551,195.0,195.0,,248932,248932,0,42,41,0,0,0.014278375,0.014559266666666666,0.001060778483970055
standard,erdos_renyi,300,0.08,8,dinic,,,,7205,15,4496292.0,4698013.933333334,364408.1064590451,177.0,177.0,,47132,28860,18272,3,0,3,1784,0.004496292,0.004698013933333333,0.00036440810645904507
standard,erdos_renyi,300,0.08,8,edmonds_karp,,,,7205,15,14724125.0,15357336.266666668,1616917.2863325647,177.0,177.0,,255602,255602,0,42,41,0,0,0.014724125,0.015357336266666667,0.0016169172863325647
standard,erdos_renyi,300,0.08,9,dinic,,,,7176,15,9422542.0,9622119.533333333,390590.8606667714,193.0,193.0,,98866,57359,41507,4,0,4,3564,0.009422542,0.009622119533333333,0.0003905908606667714
standard,erdos_renyi,300,0.08,9,edmonds_karp,,,,7176,15,22672292.0,22780874.933333334,389738.2129724048,193.0,193.0,,404393,404393,0,42,41,0,0,0.022672292,0.022780874933333334,0.0003897382129724048
standard,erdos_renyi,400,0.05,0,dinic,,,,7971,15,7960041.0,7854144.533333333,320129.98205391195,129.0,129.0,,77940,47794,30146,3,0,3,3960,0.007960041,0.007854144533333333,0.00032012998205391193
standard,erdos_renyi,400,0.05,0,edmonds_karp,,,,7971,15,16892834.0,16861058.266666666,681130.2001497707,129.0,129.0,,274958,274958,0,28,27,0,0,0.016892834,0.016861058266666666,0.0006811302001497707
standard,erdos_renyi,400,0.05,1,dinic,,,,7883,15,10900250.0,11015044.466666667,324403.9817262392,164.0,164.0,,106691,63026,43665,4,0,4,4977,0.01090025,0.011015044466666667,0.0003244039817262392
standard,erdos_renyi,400,0.05,1,edmonds_karp,,,,7883,15,30790708.0,31896747.266666666,4287487.602579501,164.0,164.0,,500545,500545,0,50,49,0,0,0.030790708,0.031896747266666664,0.0042874876025795015
standard,erdos_renyi,400,0.05,2,dinic,,,,7948,15,10730542.0,10761161.0,596483.7326839445,239.0,239.0,,103658,63537,40121,4,0,4,4059,0.010730542,0.010761161,0.0005964837326839445
standard,erdos_renyi,400,0.05,2,edmonds_karp,,,,7948,15,33463541.0,40462211.13333333,20993644.35202266,239.0,239.0,,567752,567752,0,62,61,0,0,0.033463541,0.040462211133333335,0.02099364435202266
standard,erdos_renyi,400,0.05,3,dinic,,,,7922,15,5986750.0,6070027.933333334,261688.5325590783,223.0,223.0,,57469,31724,25745,3,0,3,2816,0.00598675,0.006070027933333334,0.0002616885325590783
standard,erdos_renyi,400,0.05,3,edmonds_karp,,,,7922,15,19713791.0,19712866.6,257418.1471363557,223.0,223.0,,327949,327949,0,55,54,0,0,0.019713791,0.0197128666,0.0002574181471363557
standard,erdos_renyi,400,0.05,4,dinic,,,,8069,15,8713125.0,8585269.333333334,299484.9776711126,169.0,169.0,,83729,48455,35274,4,0,4,4009,0.008713125,0.008585269333333334,0.00029948497767111256
standard,erdos_renyi,400,0.05,4,edmonds_karp,,,,8069,15,8691334.0,9174677.8,1620665.8529147473,169.0,169.0,,137217,137217,0,37,36,0,0,0.008691334,0.009174677800000001,0.0016206658529147474
standard,erdos_renyi,400,0.05,5,dinic,,,,8015,15,9044417.0,9138727.933333334,269679.8335898824,186.0,186.0,,87966,48129,39837,4,0,4,4523,0.009044417,0.009138727933333333,0.00026967983358988244
standard,erdos_renyi,400,0.05,5,edmonds_karp,,,,8015,15,12025708.0,12051805.466666667,139166.31463974895,186.0,186.0,,192880,192880,0,44,43,0,0,0.012025708,0.012051805466666668,0.00013916631463974894
standard,erdos_renyi,400,0.05,6,dinic,,,,8035,15,7713083.0,7593422.0,291662.2842586954,200.0,200.0,,76407,48173,28234,3,0,3,3473,0.007713083,0.007593422,0.0002916622842586954
standard,erdos_renyi,400,0.05,6,edmonds_karp,,,,8035,15,27077916.0,27117811.133333333,476679.0714835395,200.0,200.0,,461796,461796,0,50,49,0,0,0.027077916,0.027117811133333333,0.0004766790714835395
standard,erdos_renyi,400,0.05,7,dinic,,,,8136,15,5476583.0,5597125.066666666,239220.44610671396,130.0,130.0,,55495,32574,22921,3,0,3,2293,0.005476583,0.005597125066666667,0.00023922044610671396
standard,erdos_renyi,400,0.05,7,edmonds_karp,,,,8136,15,9902458.0,9690119.333333334,342465.7449436503,130.0,130.0,,158115,158115,0,32,31,0,0,0.009902458,0.009690119333333334,0.0003424657449436503
standard,erdos_renyi,400,0.05,8,dinic,,,,8180,15,8965875.0,8893624.933333334,292189.2887299176,131.0,131.0,,86600,49113,37487,4,0,4,4125,0.008965875,0.008893624933333334,0.0002921892887299176
standard,erdos_renyi,400,0.05,8,edmonds_karp,,,,8180,15,7826208.0,7838702.8,222177.01705596317,131.0,131.0,,126028,126028,0,33,32,0,0,0.007826208,0.0078387028,0.00022217701705596317
standard,erdos_renyi,400,0.05,9,dinic,,,,8037,15,10382417.0,10268997.2,365323.8467669474,258.0,258.0,,104670,64339,40331,5,0,5,4367,0.010382417,0.0102689972,0.00036532384676694744
standard,erdos_renyi,400,0.05,9,edmonds_karp,,,,8037,15,25630333.0,25558569.6,346737.1356540037,258.0,258.0,,426037,426037,0,60,59,0,0,0.025630333,0.0255585696,0.0003467371356540037
standard,erdos_renyi,400,0.08,0,dinic,,,,12816,15,13470500.0,13447705.666666666,396864.1351586685,279.0,279.0,,134432,76957,57475,4,0,4,3340,0.0134705,0.013447705666666665,0.0003968641351586685
standard,erdos_renyi,400,0.08,0,edmonds_karp,,,,12816,15,45049542.0,46661694.46666667,3693898.208674835,279.0,279.0,,791264,791264,0,74,73,0,0,0.045049542,0.04666169446666667,0.003693898208674835
standard,erdos_renyi,400,0.08,1,dinic,,,,12638,15,12797125.0,12845627.8,416488.35171435826,268.0,268.0,,129807,75883,53924,4,0,4,4065,0.012797125,0.0128456278,0.0004164883517143583
standard,erdos_renyi,400,0.08,1,edmonds_karp,,,,12638,15,31703875.0,31879736.133333333,604486.0769149113,268.0,268.0,,549525,549525,0,66,65,0,0,0.031703875,0.031879736133333336,0.0006044860769149113
standard,erdos_renyi,400,0.08,2,dinic,,,,12820,15,16475333.0,16541319.4,273887.94490912324,362.0,362.0,,169623,102493,67130,4,0,4,5205,0.016475333,0.0165413194,0.0002738879449091232
standard,erdos_renyi,400,0.08,2,edmonds_karp,,,,12820,15,60100833.0,60420744.266666666,777096.6588099826,362.0,362.0,,1067120,1067120,0,84,83,0,0,0.060100833,0.060420744266666666,0.0007770966588099826
standard,erdos_renyi,400,0.08,3,dinic,,,,12739,15,13305917.0,13163438.933333334,412469.56344983226,326.0,326.0,,132609,76492,56117,4,0,4,3411,0.013305917,0.013163438933333334,0.00041246956344983225
standard,erdos_renyi,400,0.08,3,edmonds_karp,,,,12739,15,46811833.0,47003444.333333336,955749.7460563666,326.0,326.0,,821977,821977,0,73,72,0,0,0.046811833,0.04700344433333334,0.0009557497460563666
standard,erdos_renyi,400,0.08,4,dinic,,,,12822,15,13449167.0,13385961.2,325407.915890897,307.0,307.0,,133991,76992,56999,4,0,4,3560,0.013449167,0.0133859612,0.000325407915890897
standard,erdos_renyi,400,0.08,4,edmonds_karp,,,,12822,15,43497375.0,43440413.8,696900.1292033159,307.0,307.0,,762338,762338,0,75,74,0,0,0.043497375,0.043440413799999994,0.000696900129203316
standard,erdos_renyi,400,0.08,5,dinic,,,,12883,15,13193375.0,13155869.666666666,312318.6783156099,292.0,292.0,,133132,77363,55769,4,0,4,4241,0.013193375,0.013155869666666667,0.0003123186783156099
standard,erdos_renyi,400,0.08,5,edmonds_karp,,,,12883,15,33845708.0,33928061.06666667,457432.8845022693,292.0,292.0,,587503,587503,0,64,63,0,0,0.033845708,0.03392806106666667,0.00045743288450226935
standard,erdos_renyi,400,0.08,6,dinic,,,,12882,15,13623125.0,13567141.533333333,340045.1266023098,303.0,303.0,,135140,77356,57784,4,0,4,3667,0.013623125,0.013567141533333334,0.0003400451266023098
standard,erdos_renyi,400,0.08,6,edmonds_karp,,,,12882,15,37288667.0,38431508.333333336,3770601.5857773693,303.0,303.0,,647321,647321,0,72,71,0,0,0.037288667,0.038431508333333336,0.0037706015857773695
standard,erdos_renyi,400,0.08,7,dinic,,,,12721,15,13475292.0,13418655.733333332,313101.90089226904,237.0,237.0,,133168,76378,56790,4,0,4,3824,0.013475292,0.013418655733333333,0.000313101900892269
standard,erdos_renyi,400,0.08,7,edmonds_karp,,,,12721,15,22015584.0,21998236.066666666,309593.4838038115,237.0,237.0,,378041,378041,0,55,54,0,0,0.022015584,0.021998236066666666,0.0003095934838038115
standard,erdos_renyi,400,0.08,8,dinic,,,,12793,15,12774042.0,12720402.733333332,369710.7945739417,256.0,256.0,,129657,76819,52838,4,0,4,3619,0.012774042,0.012720402733333332,0.00036971079457394167
standard,erdos_renyi,400,0.08,8,edmonds_karp,,,,12793,15,29671250.0,40131139.0,33757225.095532835,256.0,256.0,,509011,509011,0,60,59,0,0,0.02967125,0.040131139,0.03375722509553283
standard,erdos_renyi,400,0.08,9,dinic,,,,12777,15,17158750.0,23094911.2,18872408.344601147,385.0,385.0,,171140,102146,68994,4,0,4,5194,0.01715875,0.0230949112,0.018872408344601146
standard,erdos_renyi,400,0.08,9,edmonds_karp,,,,12777,15,71062292.0,70915091.6,763273.3793707951,385.0,385.0,,1254272,1254272,0,86,85,0,0,0.071062292,0.0709150916,0.0007632733793707951
standard,layered,202,0.35,0,dinic,8.0,25.0,,1583,15,823292.0,873111.0666666667,143482.97851137337,278.0,278.0,,6025,3191,2834,2,0,2,1730,0.000823292,0.0008731110666666666,0.00014348297851137336
standard,layered,202,0.35,0,edmonds_karp,8.0,25.0,,1583,15,28934875.0,28990008.4,467864.3895667699,278.0,278.0,,464497,464497,0,159,158,0,0,0.028934875,0.0289900084,0.00046786438956676987
standard,layered,202,0.35,1,dinic,8.0,25.0,,1536,15,715041.0,711000.0,20340.756310563153,244.0,244.0,,5441,3097,2344,2,0,2,1414,0.000715041,0.000711,2.0340756310563153e-05
standard,layered,202,0.35,1,edmonds_karp,8.0,25.0,,1536,15,23288208.0,23315191.6,410535.7529523029,244.0,244.0,,373664,373664,0,132,131,0,0,0.023288208,0.0233151916,0.0004105357529523029
standard,layered,202,0.35,2,dinic,8.0,25.0,,1589,15,728209.0,738385.9333333333,29491.141680818237,264.0,264.0,,5653,3203,2450,2,0,2,1468,0.000728209,0.0007383859333333334,2.9491141680818237e-05
standard,layered,202,0.35,2,edmonds_karp,8.0,25.0,,1589,15,24657250.0,24730249.933333334,436479.4833722703,264.0,264.0,,398794,398794,0,136,135,0,0,0.02465725,0.024730249933333334,0.0004364794833722703
standard,layered,202,0.35,3,dinic,8.0,25.0,,1654,15,1345083.0,1395530.3333333333,172792.10509398143,248.0,248.0,,10946,6591,4355,2,0,2,2692,0.001345083,0.0013955303333333332,0.00017279210509398143
standard,layered,202,0.35,3,edmonds_karp,8.0,25.0,,1654,15,26597708.0,26916955.533333335,861929.2936619301,248.0,248.0,,426395,426395,0,138,137,0,0,0.026597708,0.026916955533333335,0.0008619292936619302
standard,layered,202,0.35,4,dinic,8.0,25.0,,1593,15,615541.0,625149.8666666667,25417.8579991837,215.0,215.0,,5183,3211,1972,2,0,2,1062,0.000615541,0.0006251498666666667,2.54178579991837e-05
standard,layered,202,0.35,4,edmonds_karp,8.0,25.0,,1593,15,17931708.0,22562608.4,16577813.599288674,215.0,215.0,,286800,286800,0,98,97,0,0,0.017931708,0.0225626084,0.016577813599288675
standard,layered,202,0.35,5,dinic,8.0,25.0,,1574,15,1238500.0,1291255.6,131509.09368763387,217.0,217.0,,10270,6271,3999,2,0,2,2416,0.0012385,0.0012912556,0.00013150909368763385
standard,layered,202,0.35,5,edmonds_karp,8.0,25.0,,1574,15,21865125.0,22003505.466666665,382984.28578801063,217.0,217.0,,347887,347887,0,118,117,0,0,0.021865125,0.022003505466666663,0.0003829842857880106
standard,layered,202,0.35,6,dinic,8.0,25.0,,1577,15,1285042.0,1323286.0,123609.87504183124,274.0,274.0,,10345,6283,4062,2,0,2,2515,0.001285042,0.001323286,0.00012360987504183123
standard,layered,202,0.35,6,edmonds_karp,8.0,25.0,,1577,15,26930875.0,27149280.4,598703.7453096722,274.0,274.0,,432916,432916,0,147,146,0,0,0.026930875,0.0271492804,0.0005987037453096722
standard,layered,202,0.35,7,dinic,8.0,25.0,,1629,15,687458.0,691830.6,20272.874719683925,225.0,225.0,,5574,3283,2291,2,0,2,1314,0.000687458,0.0006918305999999999,2.0272874719683925e-05
standard,layered,202,0.35,7,edmonds_karp,8.0,25.0,,1629,15,23641083.0,24222719.466666665,1757997.0209516399,225.0,225.0,,377320,377320,0,126,125,0,0,0.023641083,0.024222719466666664,0.0017579970209516398
standard,layered,202,0.35,8,dinic,8.0,25.0,,1559,15,700458.0,746252.9333333333,129521.4850486572,243.0,243.0,,5417,3143,2274,2,0,2,1371,0.000700458,0.0007462529333333333,0.0001295214850486572
standard,layered,202,0.35,8,edmonds_karp,8.0,25.0,,1559,15,23214875.0,23288335.933333334,422579.93239596824,243.0,243.0,,371135,371135,0,129,128,0,0,0.023214875,0.023288335933333335,0.00042257993239596823
standard,layered,202,0.35,9,dinic,8.0,25.0,,1593,15,1236709.0,1298661.3333333333,154112.38260330242,213.0,213.0,,10326,6347,3979,2,0,2,2374,0.001236709,0.0012986613333333332,0.00015411238260330242
standard,layered,202,0.35,9,edmonds_karp,8.0,25.0,,1593,15,20304500.0,20431144.6,337839.91351078043,213.0,213.0,,327582,327582,0,110,109,0,0,0.0203045,0.020431144600000003,0.0003378399135107804
standard,layered,242,0.35,0,dinic,8.0,30.0,,2282,15,1775292.0,1820466.7333333334,135847.1205570368,320.0,320.0,,14717,9098,5619,2,0,2,3344,0.001775292,0.0018204667333333335,0.0001358471205570368
standard,layered,242,0.35,0,edmonds_karp,8.0,30.0,,2282,15,42591375.0,42661552.8,416802.6146482304,320.0,320.0,,707075,707075,0,166,165,0,0,0.042591375,0.042661552799999995,0.0004168026146482304
standard,layered,242,0.35,1,dinic,8.0,30.0,,2227,15,894459.0,914994.4666666667,56595.75625542793,284.0,284.0,,7423,4484,2939,2,0,2,1675,0.000894459,0.0009149944666666667,5.6595756255427926e-05
standard,layered,242,0.35,1,edmonds_karp,8.0,30.0,,2227,15,39827250.0,39813197.13333333,489550.7822235567,284.0,284.0,,656118,656118,0,160,159,0,0,0.03982725,0.03981319713333333,0.0004895507822235567
standard,layered,242,0.35,2,dinic,8.0,30.0,,2285,15,970583.0,1071125.0,233565.07835627187,325.0,325.0,,7738,4600,3138,2,0,2,1786,0.000970583,0.001071125,0.00023356507835627186
standard,layered,242,0.35,2,edmonds_karp,8.0,30.0,,2285,15,42183875.0,42193447.4,348091.96115349495,325.0,325.0,,701198,701198,0,166,165,0,0,0.042183875,0.0421934474,0.0003480919611534949
standard,layered,242,0.35,3,dinic,8.0,30.0,,2350,15,1089417.0,1097080.5333333334,28132.708126882833,357.0,357.0,,8514,4730,3784,2,0,2,2230,0.001089417,0.0010970805333333335,2.8132708126882833e-05
standard,layered,242,0.35,3,edmonds_karp,8.0,30.0,,2350,15,53003917.0,53104875.06666667,429164.6885115429,357.0,357.0,,888515,888515,0,203,202,0,0,0.053003917,0.05310487506666667,0.0004291646885115429
standard,layered,242,0.35,4,dinic,8.0,30.0,,2286,15,859875.0,901825.1333333333,119202.26014627809,260.0,260.0,,7392,4602,2790,2,0,2,1494,0.000859875,0.0009018251333333333,0.00011920226014627808
standard,layered,242,0.35,4,edmonds_karp,8.0,30.0,,2286,15,35878209.0,35885430.6,290795.17979641346,260.0,260.0,,596425,596425,0,142,141,0,0,0.035878209,0.035885430600000004,0.0002907951797964135
standard,layered,242,0.35,5,dinic,8.0,30.0,,2262,15,1679791.0,1733911.2,152497.4280421055,258.0,258.0,,14392,9018,5374,2,0,2,3128,0.001679791,0.0017339112,0.00015249742804210548
standard,layered,242,0.35,5,edmonds_karp,8.0,30.0,,2262,15,34928375.0,35061625.06666667,336087.0010162038,258.0,258.0,,581164,581164,0,138,137,0,0,0.034928375,0.03506162506666667,0.0003360870010162038
standard,layered,242,0.35,6,dinic,8.0,30.0,,2256,15,1015292.0,1100641.7333333334,197525.96181025586,330.0,330.0,,8039,4542,3497,2,0,2,1960,0.001015292,0.0011006417333333334,0.00019752596181025586
standard,layered,242,0.35,6,edmonds_karp,8.0,30.0,,2256,15,44090916.0,44123580.6,478559.8951138719,330.0,330.0,,734705,734705,0,176,175,0,0,0.044090916,0.044123580600000004,0.0004785598951138719
standard,layered,242,0.35,7,dinic,8.0,30.0,,2369,15,971916.0,1180950.0666666667,422234.2874182983,297.0,297.0,,7885,4768,3117,2,0,2,1748,0.000971916,0.0011809500666666666,0.0004222342874182983
standard,layered,242,0.35,7,edmonds_karp,8.0,30.0,,2369,15,43769041.0,43730822.333333336,392815.46705067327,297.0,297.0,,730473,730473,0,167,166,0,0,0.043769041,0.043730822333333336,0.0003928154670506733
standard,layered,242,0.35,8,dinic,8.0,30.0,,2259,15,942542.0,953852.8666666667,29123.087291863878,312.0,312.0,,7634,4548,3086,2,0,2,1754,0.000942542,0.0009538528666666668,2.9123087291863878e-05
standard,layered,242,0.35,8,edmonds_karp,8.0,30.0,,2259,15,41574375.0,43156858.4,4186209.3477319367,312.0,312.0,,685619,685619,0,165,164,0,0,0.041574375,0.0431568584,0.004186209347731937
standard,layered,242,0.35,9,dinic,8.0,30.0,,2306,15,1695792.0,1706669.4666666666,25233.029119635645,251.0,251.0,,14714,9194,5520,2,0,2,3189,0.001695792,0.0017066694666666665,2.5233029119635645e-05
standard,layered,242,0.35,9,edmonds_karp,8.0,30.0,,2306,15,34210416.0,34259299.8,312624.8030433383,251.0,251.0,,571993,571993,0,133,132,0,0,0.034210416,0.0342592998,0.00031262480304333827
standard,layered,252,0.35,0,dinic,10.0,25.0,,2019,15,1034583.0,1047011.0666666667,41388.113347859166,278.0,278.0,,7650,4063,3587,2,0,2,2249,0.001034583,0.0010470110666666666,4.1388113347859165e-05
standard,layered,252,0.35,0,edmonds_karp,10.0,25.0,,2019,15,42255542.0,42331588.93333333,294757.7990007749,278.0,278.0,,680124,680124,0,179,178,0,0,0.042255542,0.04233158893333333,0.0002947577990007749
standard,layered,252,0.35,1,dinic,10.0,25.0,,1981,15,941334.0,956636.2,44750.73565907681,244.0,244.0,,7143,3987,3156,2,0,2,1922,0.000941334,0.0009566361999999999,4.475073565907681e-05
standard,layered,252,0.35,1,edmonds_karp,10.0,25.0,,1981,15,34326500.0,35399211.2,2925799.7385161244,244.0,244.0,,543365,543365,0,147,146,0,0,0.0343265,0.0353992112,0.0029257997385161243
standard,layered,252,0.35,2,dinic,10.0,25.0,,2029,15,1004625.0,1026377.8,77731.85847624786,264.0,264.0,,7349,4083,3266,2,0,2,2028,0.001004625,0.0010263778,7.773185847624786e-05
standard,layered,252,0.35,2,edmonds_karp,10.0,25.0,,2029,15,38334792.0,38575530.4,708511.0555736662,264.0,264.0,,615740,615740,0,162,161,0,0,0.038334792,0.038575530399999995,0.0007085110555736662
standard,layered,252,0.35,3,dinic,10.0,25.0,,2099,15,1745917.0,1795311.2,159099.69776984854,248.0,248.0,,13989,8371,5618,2,0,2,3483,0.001745917,0.0017953112,0.00015909969776984855
standard,layered,252,0.35,3,edmonds_karp,10.0,25.0,,2099,15,35908333.0,36099833.2,467213.0873979084,248.0,248.0,,586023,586023,0,147,146,0,0,0.035908333,0.0360998332,0.00046721308739790837
standard,layered,252,0.35,4,dinic,10.0,25.0,,2038,15,801875.0,812516.7333333333,31950.684838326935,215.0,215.0,,6715,4101,2614,2,0,2,1508,0.000801875,0.0008125167333333333,3.1950684838326934e-05
standard,layered,252,0.35,4,edmonds_karp,10.0,25.0,,2038,15,28500000.0,28552183.4,403599.99297462153,215.0,215.0,,461756,461756,0,121,120,0,0,0.0285,0.0285521834,0.0004035999929746215
standard,layered,252,0.35,5,dinic,10.0,25.0,,2004,15,1669625.0,1775183.2,313787.6322037384,217.0,217.0,,13315,7991,5324,2,0,2,3294,0.001669625,0.0017751832,0.00031378763220373836
standard,layered,252,0.35,5,edmonds_karp,10.0,25.0,,2004,15,32667209.0,32632863.933333334,176425.2285297682,217.0,217.0,,529239,529239,0,139,138,0,0,0.032667209,0.03263286393333333,0.0001764252285297682
standard,layered,252,0.35,6,dinic,10.0,25.0,,1995,15,1688083.0,1725674.9333333333,140692.51763050348,274.0,274.0,,13343,7955,5388,2,0,2,3399,0.001688083,0.0017256749333333333,0.00014069251763050347
standard,layered,252,0.35,6,edmonds_karp,10.0,25.0,,1995,15,38503917.0,38539855.53333333,434087.8991682069,274.0,274.0,,623717,623717,0,165,164,0,0,0.038503917,0.038539855533333334,0.0004340878991682069
standard,layered,252,0.35,7,dinic,10.0,25.0,,2095,15,899459.0,911041.6666666666,45622.20976621344,225.0,225.0,,7209,4215,2994,2,0,2,1738,0.000899459,0.0009110416666666667,4.562220976621344e-05
standard,layered,252,0.35,7,edmonds_karp,10.0,25.0,,2095,15,33608917.0,33685591.733333334,345552.4997138574,225.0,225.0,,548446,548446,0,140,139,0,0,0.033608917,0.03368559173333333,0.0003455524997138574
standard,layered,252,0.35,8,dinic,10.0,25.0,,1998,15,909375.0,934011.0,54431.607584984245,243.0,243.0,,7094,4021,3073,2,0,2,1833,0.000909375,0.000934011,5.4431607584984245e-05
standard,layered,252,0.35,8,edmonds_karp,10.0,25.0,,1998,15,33240875.0,33220138.933333334,295224.3566165204,243.0,243.0,,536124,536124,0,143,142,0,0,0.033240875,0.03322013893333333,0.0002952243566165204
standard,layered,252,0.35,9,dinic,10.0,25.0,,2067,15,1629916.0,1678622.0,154449.65336362156,213.0,213.0,,13476,8243,5233,2,0,2,3133,0.001629916,0.001678622,0.00015444965336362156
standard,layered,252,0.35,9,edmonds_karp,10.0,25.0,,2067,15,28313708.0,28371672.266666666,319755.7906730129,213.0,213.0,,461192,461192,0,118,117,0,0,0.028313708,0.028371672266666665,0.0003197557906730129
standard,layered,302,0.35,0,dinic,10.0,30.0,,2917,15,2335875.0,2390666.6666666665,129207.22962228802,320.0,320.0,,19121,11638,7483,2,0,2,4543,0.002335875,0.0023906666666666664,0.00012920722962228803
standard,layered,302,0.35,0,edmonds_karp,10.0,30.0,,2917,15,63553625.0,63425588.93333333,316460.8173641423,320.0,320.0,,1051221,1051221,0,190,189,0,0,0.063553625,0.06342558893333333,0.00031646081736414226
standard,layered,302,0.35,1,dinic,10.0,30.0,,2891,15,1193083.0,1192438.8666666667,20542.54720909981,284.0,284.0,,9665,5812,3853,2,0,2,2283,0.001193083,0.0011924388666666667,2.0542547209099807e-05
standard,layered,302,0.35,1,edmonds_karp,10.0,30.0,,2891,15,60075042.0,60106488.93333333,454002.83694290946,284.0,284.0,,991358,991358,0,183,182,0,0,0.060075042,0.06010648893333333,0.00045400283694290946
standard,layered,302,0.35,2,dinic,10.0,30.0,,2925,15,1236667.0,1259630.6,96977.18563647546,325.0,325.0,,9942,5880,4062,2,0,2,2386,0.001236667,0.0012596306,9.697718563647546e-05
standard,layered,302,0.35,2,edmonds_karp,10.0,30.0,,2925,15,63564041.0,63613577.6,448056.6937167671,325.0,325.0,,1053743,1053743,0,192,191,0,0,0.063564041,0.0636135776,0.00044805669371676714
standard,layered,302,0.35,3,dinic,10.0,30.0,,2989,15,1362375.0,1429916.6666666667,188125.6823595282,357.0,357.0,,10606,6008,4598,2,0,2,2641,0.001362375,0.0014299166666666668,0.0001881256823595282
standard,layered,302,0.35,3,edmonds_karp,10.0,30.0,,2989,15,67539750.0,73714816.53333333,16629615.250168368,357.0,357.0,,1119025,1119025,0,199,198,0,0,0.06753975,0.07371481653333334,0.01662961525016837
standard,layered,302,0.35,4,dinic,10.0,30.0,,2918,15,1164541.0,1215975.0666666667,170729.62362982286,260.0,260.0,,9664,5866,3798,2,0,2,2084,0.001164541,0.0012159750666666665,0.00017072962362982286
standard,layered,302,0.35,4,edmonds_karp,10.0,30.0,,2918,15,55013667.0,55048252.733333334,416914.51103904255,260.0,260.0,,907864,907864,0,166,165,0,0,0.055013667,0.05504825273333334,0.00041691451103904257
standard,layered,302,0.35,5,dinic,10.0,30.0,,2871,15,2224584.0,2425130.533333333,351268.50815658434,258.0,258.0,,18507,11454,7053,2,0,2,4179,0.002224584,0.0024251305333333334,0.00035126850815658437
standard,layered,302,0.35,5,edmonds_karp,10.0,30.0,,2871,15,51375500.0,51444930.6,350286.4097685535,258.0,258.0,,847564,847564,0,155,154,0,0,0.0513755,0.0514449306,0.0003502864097685535
standard,layered,302,0.35,6,dinic,10.0,30.0,,2868,15,1338542.0,1345977.8666666667,42845.60555874122,330.0,330.0,,10248,5766,4482,2,0,2,2570,0.001338542,0.0013459778666666668,4.284560555874122e-05
standard,layered,302,0.35,6,edmonds_karp,10.0,30.0,,2868,15,65233917.0,65356683.333333336,557799.2167336446,330.0,330.0,,1076628,1076628,0,199,198,0,0,0.065233917,0.06535668333333333,0.0005577992167336446
standard,layered,302,0.35,7,dinic,10.0,30.0,,2958,15,1253041.0,1297560.9333333333,112515.77957365208,297.0,297.0,,10022,5946,4076,2,0,2,2415,0.001253041,0.0012975609333333333,0.00011251577957365208
standard,layered,302,0.35,7,edmonds_karp,10.0,30.0,,2958,15,64881083.0,64964469.4,401338.87155793805,297.0,297.0,,1076692,1076692,0,193,192,0,0,0.064881083,0.0649644694,0.00040133887155793807
standard,layered,302,0.35,8,dinic,10.0,30.0,,2882,15,1308625.0,1307705.6,35420.97588758076,312.0,312.0,,10066,5794,4272,2,0,2,2513,0.001308625,0.0013077056000000001,3.5420975887580764e-05
standard,layered,302,0.35,8,edmonds_karp,10.0,30.0,,2882,15,64439167.0,70105799.93333334,13849973.04457735,312.0,312.0,,1056734,1056734,0,194,193,0,0,0.064439167,0.07010579993333334,0.01384997304457735
standard,layered,302,0.35,9,dinic,10.0,30.0,,2913,15,2311084.0,2326055.6666666665,117997.73440540924,251.0,251.0,,18884,11622,7262,2,0,2,4309,0.002311084,0.0023260556666666664,0.00011799773440540924
standard,layered,302,0.35,9,edmonds_karp,10.0,30.0,,2913,15,52531334.0,53197191.53333333,2654388.9036919572,251.0,251.0,,869155,869155,0,157,156,0,0,0.052531334,0.053197191533333334,0.0026543889036919574
